qid,pred
1020-0,"The baby's reaction upon seeing dad is one of joy and engagement. For instance, when dad brings the baby closer to mom, the baby lights up with excitement, showing wide eyes and an open mouth, which indicates eagerness to connect. Additionally, the baby frequently leans towards dad, smiles, and expresses delight in his playful interactions, illustrating a strong sense of comfort and happiness while being held."
1321-0,"At the end of the video, the girl's emotion is one of serenity and contentment. She gazes ahead with a relaxed and open body posture, accompanied by a serene smile. This suggests that she is enjoying the culmination of the event and feels fulfilled, reflecting the overall positive atmosphere shared with the engaged audience around her."
0357-0,"The man in the white T-shirt feels excited and engaged about what he has taken out. Throughout the video, his expressions evolve from eagerness and intrigue to joy and thrill, especially as he interacts with the group and reacts to the playful atmosphere built around the colorful cotton candy. His smiles and laughter, along with a collective energy of anticipation among the group, indicate that he is enjoying the moment and the excitement of the unfolding action."
1018-0,"The rapper's reaction after the traffic controller took his microphone is one of playful defiance combined with a hint of camaraderie. He maintains a cheeky expression, signaling that although the traffic controller has taken a more authoritative role, he remains confident and engaged. This interaction highlights the playful conflict between the two characters, showcasing the rapper's ability to adapt while keeping the audience entertained, ultimately ensuring that the performance retains its fun edge even amidst serious themes like safety."
1023-0,"After the first woman talked to him, the man appears to respond with mild disappointment, as indicated by his expression and slight body language shift. This reaction is highlighted when he leans slightly forward earlier, showcasing enthusiasm about the artwork, but then, after receiving a dismissive gesture from her, he seems to adjust his engagement level. This suggests he is aware of her slight annoyance and is reflecting on the change in their interaction."
0614-0,"The man is trembling in his hands at the beginning of the video likely due to anxiety or nervousness. His anxious expression and slight tremors suggest that he might be feeling overwhelmed in a busy restaurant setting, which can heighten feelings of tension or discomfort. As he engages with his meal, these signs of nervousness indicate his struggle to feel at ease, reflecting an internal conflict between his eagerness to enjoy the food and his apprehension about the social environment."
1045-0,"The person on the left hugs the individual in the tie-dye hoodie as a response to the surprising and humorous events they shared, which created a moment of bonding and joy between them. This gesture signifies the warmth of their friendship and mutual support after experiencing something unexpected together. Once this emotional connection is expressed through the hug, it is likely that they both feel comfortable and reassured, leading to a natural release of the embrace."
0910-0,"The man in the video keeps picking up the child to foster a strong bond and facilitate a sense of security. Each time he lifts the child, it highlights playful interactions that promote joy and closeness between them. Additionally, these moments serve to reassure the child in a busy environment, reinforcing feelings of safety and trust while allowing for playful engagement."
0690-0,"The child is lying on the ground likely because she is engaged in playful activity, as indicated by her interactions with the pink object. This position allows her to explore her surroundings comfortably while being part of the familial dynamics happening at the table. It also enhances her visibility to the adults, fostering a sense of involvement in the lighthearted atmosphere."
1053-0,"The man in the black T-shirt may be expressing a sense of playfulness or an informal style by raising his black hat. This gesture could indicate a desire to engage more openly with those around him, creating a relaxed and friendly atmosphere. The consistent positioning of the hat suggests that while he maintains a casual demeanor, it also serves as a recognizable aspect of his identity, enhancing social interaction in the confined airplane space."
1011-0,"The woman likely used the hose on the man as part of a playful interaction between them. This action seems to stem from a lighthearted moment where she was startled by a splash of water, indicating a fun and humorous atmosphere. Their relationship is characterized by collaboration and teasing, which fosters a sense of enjoyment and connection as they engage in their kitchen activities."
0675-0,"After the man on the right revealed how the magic tricks were performed, the man on the left likely felt a mix of disbelief and amusement. His serious demeanor contrasts with the excitement of the revelation, which may lead to a sense of comedic disillusionment, enhancing the humor of the performance. The dynamic between their differing reactions—serious versus playful—adds depth to their partnership and highlights the comedic tension that the audience enjoys."
0417-0,"The person on the left is trying hard not to laugh due to the comedic contrast between his amusement and the serious demeanor of the individual on the right. This juxtaposition creates a humorous situation in an otherwise formal setting, where the festive decorations highlight the irony of the moment. The struggle not to laugh portrays a playful tension, making the scene amusing as the left individual fights to maintain decorum while being visibly entertained."
1064-0,"At the end of the video, the man is surprised due to the sudden appearance of smoke and sparks coming from the labeled 'FDV BOMB'. This unexpected development, coupled with his previous reactions and cautious demeanor, signifies an imminent danger, escalating the tension and creating a sense of urgency in the scene."
1324-0,"At the end of the video, the mood of the woman is joyful and curious, while the man's mood appears animated and engaged. This shift in sentiment is caused by the positive interaction surrounding the puppy, which brings a light-heartedness that contrasts with their earlier tension and confusion. The woman’s relaxed demeanor and delight in holding the puppy indicate a moment of connection and happiness, while the man's newfound focus and enthusiasm for the puppy suggest he has become more involved in their interaction, moving away from his earlier indifference."
0957-0,"In the second half of the video, the clear liquid initially in the beaker underwent a transformation as it was manipulated with a rod and tweezers. The rod was used to extract the substance, which transitioned from a liquid to a thicker, stretchy form. Throughout this process, liquid was periodically transferred back and forth, allowing for the consistent mixing and eventual accumulation of the new viscous material on the rod. By the end, the stretchy substance was completely removed from the beaker, leaving behind only residual liquid."
1087-0,"The circle on the left is primarily depicted as moving rightward at the beginning of the video, indicated by the arrow pointing right. As the video progresses, the left circle demonstrates movement in various directions, such as upward and downward. However, at the beginning of the video, its rightward movement is emphasized, likely symbolizing forward motion from the viewer's perspective."
1312-0,"No, the treadmill is not running while the person in the video is sleeping. At 36 seconds, the adult is depicted laying on the treadmill under a blanket and is fully asleep, which indicates that the activity has ceased. Prior to this moment, the treadmill was operational, but the scene changes to a humorous twist, highlighting a relaxed atmosphere as the adult sleeps."
1214-0,"The motion of the shot when photographing the woman primarily involves a combination of stability and subtle dynamic adjustments. Initially, the camera captures a stable, top-down view, ensuring a clear focus on her amidst the vibrant green surroundings. As the video progresses, there are gentle movements, such as a gradual pan downwards and slight tilts to follow the curves of the staircase. These adjustments introduce a sense of depth and dimension while maintaining a steady composition that emphasizes the subject's interaction with her environment. Throughout, the lighting remains consistent, enhancing the visual appeal."
0627-0,"The woman is the one changing her position in the video. Throughout the sequence, her movements are highlighted as she adjusts her stance and engages with the crocodile figure, indicating her active involvement and interaction with it while maintaining a playful demeanor."
1081-0,"The little green brick symbolizes the creativity and playful spirit of LEGO, setting the stage for the presenter's enthusiastic introduction. Although not visible, its presence suggests the diverse possibilities within the LEGO universe, highlighting the theme of imagination and engagement that is further emphasized by the vibrant background of colorful LEGO sets."
0278-0,"The writing on the paper in the video is predominantly red. Throughout the described sections, the text initially appears in bold black before shifting to bright red, which is maintained consistently. The contrast of the red writing against the clean white background enhances its visibility and clarity, making it easier for viewers to read the polynomial expressions."
0439-0,"The man lights a burning object in the video, which serves as the focal point of his demonstration about fire safety. Throughout the video, he maintains attention on this flame while using a transparent container to showcase safety protocols and the progression of his experiment. The lit object is central to the educational content, illustrating how to engage with fire safely."
0818-0,"The little girl was holding money in her hand. Throughout the playful interactions depicted in the video, her expressions indicate excitement and joy as she watched the little boy's antics. At the end of the sequence, specifically at the 20-second mark, she is seen smiling and clutching the money, suggesting she is involved in the fun and activities surrounding the playful exchange."
0152-0,"The tool used for fixing the position of the pages is a gray handheld page holder designed to securely maintain the position of pages on a tabletop. Throughout the video, the user demonstrates its functionality by adjusting the tool and utilizing a blue elastic band, effectively showing how both aid in organizing written material and ensuring the pages remain stable for reading or studying."
0729-0,"The shortest color of the long strips in the video is the black strip. Throughout the descriptions, the black strip is consistently positioned at the top and while the red and blue strips are mentioned as vibrant and shiny, there are no indications that the black strip is longer than either of them. The focus on length comparison makes it clear that the black strip does not match the lengths of the other two, suggesting it is the shortest."
0848-0,"The real cat in the video is the one that exhibits detailed fur texture and color, while its shadow solely presents a silhouette without distinct features. For example, at the beginning of the video, the cat's silhouette is visible as a shadow, but the actual cat appears in front with more detail, indicating its true form. The real cat can be identified throughout the video by observing its body details that do not appear in the shadow."
0763-0,"The Canned Coke that is still in the picture is real, while the one that was taken away is not. In the context of the video, the presence of the Canned Coke signifies the shift from visual illusions to tangible objects, where the can's visibility and details emphasize its reality. The previous instances where the can was not visible effectively set up the juxtaposition, reinforcing the notion that the displayed Canned Coke is the focus of authenticity amidst the illusions."
0880-0,"When the person holds the structure with their hand at 20 seconds, the angle of the structure displays potential movement, implying that it may adjust slightly in response to the interaction. Although the structure remains stable on the wooden base, the presence of the hand introduces variability, suggesting an active engagement that could alter the direction. After this moment, the structure later returns to its original upright position at 24 seconds, indicating a reversion to stability once the hand is no longer in contact."
0037-0,"Based on the descriptions provided for the 10 sampled timestamps, it suggests that at least 5 parts of the video have been artificially edited. The notable alterations include:
1. The shifting perception of the cup moving in unnatural ways (at timestamps 00:03 to 00:07).
2. The transformation of the individual into a pixelated figure (timestamp 00:11).
3. The appearance of glitch effects and the 'ERROR' message (timestamp 00:16).
4. The chaotic floating of multiple balls (timestamp 00:20).

These elements depart from typical behaviors and appearances, indicating intentional edits to create a surreal and distorted visual narrative."
0522-0,"In the video, there are a total of three men seen wearing hats. All three appear at the 44-second timestamp, with one specifically wearing a colorful unicorn hat. Additionally, at the 55-second mark and the 60-second mark, the same unicorn hat is worn by one of the men in a chaotic group, bringing the total to three occurrences of men in hats throughout the video."
0012-0,"In the video, there are a total of 9 distinct humanoid robot figures observed in various scenes. Initially, 1 robot is shown alone, followed by multiple appearances with 3 robots side by side, then 5 robots together in a group, and finally, clusters of 2 and other combinations. While some scenes include more than one robot, the maximum count at one point is 5, with additional individual displays noted throughout."
0304-0,"The person initially writes on a single layer of paper. Throughout the described video, it is consistently mentioned that there is no indication of additional layers of paper, and the writing remains clear and delicate on what appears to be just one sheet. This is reinforced by the ongoing observations of the hand's position and grip while writing."
0939-0,"There are four people involved in the video. Initially, three participants are engaged in gaming, and later, a fourth person enters the scene, contributing to the dynamics of the sleepover. This addition highlights the interactions among the group, showcasing how they play off one another throughout the various moments."
0526-0,"In the second video, the man is holding two lighters. Initially, he is seen holding an orange lighter, which is ignited, and later, a blue lighter also comes into view. By the end of the observations, both lighters are confirmed to be present, with the orange one still in use."
1112-0,"The individual in the blue shirt took the firework instead of the lighter. This conclusion is drawn from the initial scenes where the blue-shirted person is shown running towards a door, indicating urgency related to the firework event. The person in pink, who later holds a lighter, seems to be reacting to the situation involving the blue-shirted individual, suggesting that the latter may have taken the firework."
0595-0,"In the video, Michiel scores with a soccer ball. This is indicated by the tick next to the soccer ball at 13 seconds, which suggests that a scoring event involving it has occurred. Additionally, the overall context of the interactions and scoring activities throughout the video reinforces that the soccer ball was a key item used in their game."
0603-0,"The person who failed twice in a row, resulting in the loss of the heart-shaped pattern, is depicted as wearing a blue shirt. Throughout the described video, their body language shifts from slight hesitation and pensive demeanor to moments of calm control, especially when contrasted with the more animated red-shirted competitor. Initially, this person is shown focused but ultimately appears pressured and unsure, especially in situations where excitement and urgency are highlighted. This inconsistency in energy, coupled with moments of reflection and a drop in adrenaline, suggests a struggle to match the competitive spirit of the game, leading to their eventual loss of the playful heart graphics that signify their stakes in the challenge."
1117-0,"The participant who humorously attempted to drink from the overflowing glass is responsible for the water overflow, which indicates they failed the challenge. This action, described at 59 seconds, caused water to spill, resulting in laughter and cheers from the group, highlighting the failure in the face of the challenge."
0952-0,"The dress of the third person, who is likely the mentor or instructor, is red and black. This detail is highlighted in the description of the video, where the child in pink is seen with an adult wearing this distinct color combination, contributing to the winter sports scene."
0368-0,"The man demonstrated a total of five scenarios involving interactions between the adult and toddler. Throughout the video, these scenes included activities such as the adult preparing snacks, engaging in communication, playfully interacting, and managing the toddler's rest and playtime. Each scenario highlights different aspects of parental involvement and care."
0580-0,"The girl ran a total of 6 steps before she reached the top. This is determined by the descriptions given: from timestamp 00:02 to 00:09, she is actively climbing the ramp. These timestamps indicate specific moments of progression in her ascent, marking at least 6 distinct movements or steps that show her determination and effort as she navigates the steep surface."
0179-0,"The person appears to cut the stem a total of **five times** during the video. This is indicated by several key moments where their arm is shown making contact with the stem, alongside the posture and positioning of the machete suggesting ongoing cutting actions. Specifically, the descriptions highlight cutting motions occurring at 2 seconds, 6 seconds, 11 seconds, and 13 seconds, while the retracting motion at 9 seconds and the readiness to strike again at 7 seconds and 14 seconds imply a rhythmic and repetitive sequence throughout. Thus, the sequence implies a continuous effort to sever the stem, leading to a tally of distinct cutting actions."
0810-0,"The sausage popped up a total of four times. It first appears at timestamp 00:10, then again at 00:12, followed by another appearance at 14, and finally at 16. Each of these moments marked a distinct event where the sausage emerged, eliciting excitement and engagement from the dog."
0099-0,"There are five zoomed-in close-ups throughout the video. These occur at:
1. At 6 seconds, there is a close-up of a geometric representation of Pi.
2. At 12 seconds, the camera zooms in on intricate curves and patterns emphasizing Pi's irrational nature.
3. At 24 seconds, there's a close-up of a visually complex spiral related to Pi.
4. At 42 seconds, another detailed zoom in illustrates delicate aspects of the spiral.
5. At 54 seconds, there's a transition back to a close-up focusing on the intersections of curves.
Each of these instances highlights specific aspects of Pi, reinforcing the theme of irrationality."
1307-0,"Past the ramp, the change in speed difference between the two tires is indicated by their varying velocities in the air. The description mentions that one tire gains significantly more speed than the other as they approach the ramp and continues to exhibit this difference while airborne. This suggests that upon landing, the faster tire likely covers more distance compared to its counterpart. The exact numerical change in forward distance isn't specified; however, the descriptions highlight a clear acceleration disparity, particularly at 17 seconds where one tire is noted as gaining speed significantly. Therefore, we can conclude that after they clear the ramp, the faster tire covers more ground than the slower one, effectively enhancing the overall speed difference between the two."
0655-0,"The truck is faster than the camera. Throughout the video, the descriptions indicate that the truck is in motion, with varying degrees of speed suggested by visual cues such as motion blur. In contrast, the camera maintains a static position relative to the truck, focusing on its details without indicating that it is moving. Therefore, while the truck displays signs of speed, the camera remains stationary."
0217-0,"The time lapse of the demonstration lasted for 15 seconds. This is determined by analyzing the timestamps indicating key events: from 0 to 15 seconds the relevant activities, such as adding food coloring and introducing the paper towel, take place, culminating in the final observations of water levels. The last significant action occurs at timestamp 00:15, marking the end of the demonstration."
0658-0,"The racer who emerges in front at timestamp 00:20 is faster during the race. This positioning indicates that they have gained a lead over the other participants, suggesting they have executed their jumps and maneuvers more effectively, thereby enhancing their speed on the course."
1283-0,"At the end of the video, the child in green runs the fastest. This conclusion is drawn from the early indications of readiness and focus that the child displayed, particularly at timestamps where they consistently leaned forward and adjusted their posture to enhance their starting position. Their proactive stance and strong push at the start would have provided a competitive edge, enabling them to maintain a lead as they sprinted down the track."
0410-0,"After the sixth cotton candy is dissolved, the participants in the background likely reacted with increased excitement and surprise. Given the previous descriptions, such dramatic dissolving of the cotton candy pieces consistently elicited animated responses, ranging from astonishment to joy. This suggests that the culmination of the experiment, where multiple colorful cotton candy pieces combine in the liquid, would heighten their anticipation and engagement, reinforcing the playful atmosphere of the activity."
0999-0,"The man who plays Curly navigates through the branches on the ground with agility and precision. He showcases various movements such as running, jumping, lunging, and crouching, indicating his ability to maintain balance and avoid obstacles. His efforts to maneuver around branches while maintaining a steady foot placement amidst uneven terrain highlight his physical prowess and adaptability in a natural environment filled with challenges."
1162-0,"The order of the menu options that are browsed in the video is as follows:
1. **Calculator**: At 9 seconds, the user’s finger is seen selecting this option, indicating it was actively browsed and chosen.

The detailed actions suggest that while some interactions occurred, such as viewing the phone’s screen or attempting to input data, the only specific menu option that is confirmed to be actively browsed (selected) is the 'Calculator.' Thus, the browsing activity is primarily focused on this application during the described segments."
0973-0,"The man in the gray hoodie got injured at timestamp 00:54. Despite appearing cheerful, there is a visible mark on his forehead, indicating a minor injury. This scene also shows the other man engaging in conversation about their adventure, highlighting their camaraderie despite the incident."
0101-0,"The man teleports from being visible in the doorway to underneath the couch, partially covered by the blanket. This transition occurs between the shots at 14 seconds and 16 seconds, where the man's sudden appearance creates a teleportation-like effect. Initially, he is preparing to move the blanket, and moments later, he is found slinking out from a different location, which is under the couch."
0372-0,"At the end of the video, the girl hangs from the hoop in celebration after successfully executing a dunk. This action highlights her achievement and joy, while the boy's excited reaction emphasizes the teamwork and shared happiness of the moment."
0308-0,"The first military aircraft, a small helicopter, is seen hovering over the ocean, likely conducting a reconnaissance operation. Its steady position suggests it may be surveying the area or performing a search and rescue mission near an aircraft carrier visible in the background."
0248-0,"The person in the foreground is undergoing a makeup application process. Throughout the video, they maintain a calm and engaged demeanor while an artist meticulously applies a product to their forehead using a fine brush. The presence of water droplets on their skin enhances the visual impact, emphasizing the freshness and vibrancy of the makeup being applied."
0303-0,"The man finally stops cycling by utilizing a well-defined stopping mechanism located at the base of the ramp. This mechanism is designed to safely bring him to a halt after performing his stunts, ensuring both his safety and that of the spectators. Throughout the video, the presence of safety features, including barriers and the stopping mechanism, highlights the importance of controlled environments during such high-energy performances."
0118-0,"At the beginning of the video, the person placed their hand on one of the blue bottles and appeared to prepare for movement, which suggested a lifting motion. As the video progressed, their grip tightened on the bottle, indicating readiness to initiate the fall. This action of lifting their hand ultimately caused the bottle to topple over, leading to a chain reaction of bottles falling and spilling their contents."
1299-0,"The elevator door likely closed due to a pre-set timer that activates after a certain period of time, or it could have been triggered automatically when no one was detected entering. This mechanism is common in modern elevators to ensure efficient operation, especially when there is no indication of immediate use, as seen in the anxious woman's behavior throughout the video."
0064-0,"The room went dark after the stick figure character closed the door because the action of closing the door cut off the primary source of light from the lamp inside. This sudden removal of light transformed the previously illuminated space into darkness, enhancing the atmosphere of suspense and uncertainty, making the viewer aware of the character now being isolated in a less familiar, shadowy environment. The absence of light also signifies a shift from safety and warmth to an environment filled with potential danger and mystery."
0724-0,"The pen appears to pass through the banknote in the video without breaking it because the interaction is focused on marking or indicating areas for folding rather than physically piercing the note. A banknote is typically folded by creasing it along designated lines, which can be outlined with a pen. The process involves holding the banknote firmly while applying pressure along the intended fold areas, creating sharp creases without damaging the material. This allows the banknote to maintain its structural integrity while being sufficiently manipulated into a new shape through folding."
1298-0,"The man's football did not return to him because it was thrown upwards towards the child, who was positioned to catch it. Instead of coming back down to the man, the ball was anticipated and focused on by the child, who was eager to catch it during their playful interaction. Since the environment was casual and designed for play, the man intended for the child to engage with the football rather than to throw it back to him."
0725-0,"The drink in the bottle has decreased because the person is actively consuming it, as indicated by their joyful expressions and various activities related to the drink. Throughout the video, they are seen holding the bottle near their face, preparing to pour, and eventually showing an empty bottle, which suggests that they have been enjoying the drink. This progression highlights the drinking activity and contributes to the playful and cheerful mood of the video."
1169-0,"The guy in black and white clothes, acting as the referee, wasn't literally kicked to pieces by the football; rather, the phrase likely refers to a humorous or exaggerated account of the action during the game. Throughout the video, the referee is depicted as closely monitoring the player's movements and the ball's trajectory. When the player in the light shirt kicked the football, the dynamic nature of the scene might create a perception of the referee being in the vicinity of the action, giving rise to a misunderstanding or comic scenario where it appears he was disproportionately affected by the kick. This adds an element of excitement and unpredictability typical in sports settings."
0276-0,"Yes, several video editing effects contribute to making the illusion of depth and realism more believable. These include careful lighting setups that create soft contrasts and shadows, emphasizing the three-dimensional qualities of the cube. Consistent shadowing under the cube reinforces its grounded presence in the scene. Additionally, the color contrasts between the cube, the pencil, and background elements enhance visual focus and interaction. The use of camera angle shifts adds dynamic visual interest, further supporting the illusion by displaying the object from varying perspectives while maintaining spatial consistency."
1210-0,"The change in focus of the video shooting gradually shifts from solely highlighting the artwork of the birds to increasingly acknowledging the viewer's emotional engagement with it. Initially, the artwork is presented in sharp detail, with the viewer slightly blurred, emphasizing their role as an observer. As the video progresses, the viewer's silhouette becomes clearer, suggesting a deeper emotional connection, while the artwork remains the focal point. This shift illustrates a dynamic interplay between the observer and the observed, enhancing viewer engagement with the artistic piece."
1192-0,"The standing sprinkler suddenly appeared as part of the playful atmosphere in the backyard scene. Initially idle, it was activated by the individuals playing nearby, which transformed the setting into an interactive water play zone. This addition enhanced the joyful ambiance, encouraging further engagement and fun among the participants."
0430-0,"The damage to the phone appears to be caused by the addition of a noticeable fake branding sticker observed at timestamp 00:43. This could indicate either damage from prior misuse or an attempt to conceal or represent the phone as a different model or brand, suggesting poor condition overall."
0949-0,"The boss of the company appears in multiple scenes throughout the video. Initially, he is in a well-lit office setting, dressed in a suit, engaging in a serious discussion with a colleague. Later, he is seen outdoors speaking on the phone, actively interacting with an elderly man, and exhibiting strong, authoritative body language. The boss again returns to an office environment, seated with others, discussing, listening intently during an interview setup, and finally involved in a financial transaction. These appearances illustrate his leadership role and authority in various contexts, from business discussions to personal interactions."
0983-0,"The appearance of a second person in the video is due to the introduction of a blurred figure in the background at 22 seconds, suggesting a shift in the narrative dynamics. This character seems to emerge as the main person descends the ladder, indicating an external response to the ongoing painting activity. Their presence is further emphasized by the subsequent arrival of a second security figure at 28 seconds, heightening the tension and signaling a confrontation regarding the creative process. The escalation of urgency and disturbance in the environment implies that they are acting to halt the painting, thereby adding a dramatic conflict to the visual story."
0083-0,"The video humorously illustrates the contrast between youthful exuberance and parental skepticism concerning pet ownership. As the daughter repeatedly enters the room, she embodies a persistent desire for her mother to appreciate the joy of having a pet, while her mother's initial reactions reflect cultural stereotypes of practicality and disapproval. The daughter's comical struggles not only highlight familial dynamics but also the eventual transformation of her mother's attitude, emphasizing that love and affection often prevail over initial reservations. Ultimately, the narrative celebrates the playful chaos of family life and the surprising ways love can change one's perspective."
1275-0,"The participant in blue wins the challenge. In the final moment captured, he is seen drinking from the glass filled with water, which results in splashing, indicating a successful completion of the task. The reactions of the other participants, who are cheering in the background, further confirm his victory as they celebrate the outcome."
1242-0,"The result of the man's magic show was a successful engagement with the woman, leading to her excitement and delight. Initially skeptical and with crossed arms, the woman's expression transformed throughout the show, culminating in visible surprise and enthusiasm as she inspected an object in her hand. This shift indicates that the man successfully captured her interest and demonstrated a compelling trick that resonated with her, fostering a light-hearted interaction."
0542-0,"The scene at 54 seconds, where the savory bread emerges golden and inviting, serves as a powerful metaphor for the passage of time in the cooking process. This moment embodies the culmination of patience and effort, showcasing how the ingredients have transformed through careful preparation and timing. The visual of the bread, along with the vibrant backdrop and flickering flames, symbolizes the satisfaction of achieving a culinary goal, reflecting the resilience of nature and the rewarding outcome of the journey."
1278-0,"In the first two challenges, there is a difference in the number of attempts. The first challenge is indicated as 'First try,' meaning there was only one attempt made. In contrast, the second challenge, which involves the basketball shot, shows an 'X' mark indicating that the attempt was unsuccessful, but does not specify the number of tries. Therefore,

- For the first challenge, there is 1 attempt.
- For the second challenge, the number of attempts isn't quantified, but the indication of failure suggests at least one attempt.

Overall, the main difference is that the first challenge clearly has one attempt stated, while the second is ambiguous but at least shows an attempt was made."
0929-0,"The actions of the little girl in the green dress and the little girl in the blue dress both embody a sense of curiosity and playfulness in the video. Both girls display interactive body language, engaging with their surroundings and the people around them. They also share moments of joy and laughter, often shown embracing or connecting with others, which highlights their sociable nature. The common theme of exploring their environment and enjoying the company of peers and adults captures the essence of childhood amusement in both characters."
1075-0,"The video intertwines shots of the ordinary man and Spider-Man to highlight the contrasting dualities of their lives: the struggles of everyday existence versus the extraordinary challenges of heroism. This juxtaposition emphasizes the emotional weight and complexities faced by individuals, illustrating how ordinary people grapple with personal aspirations while being inspired by larger-than-life figures. By presenting these parallel narratives, the video effectively explores themes of identity, responsibility, and the human experience in the face of both mundanity and aspiration."
0008-0,"The last person in the video primarily engages in playful and light-hearted actions involving a bottle of Coca-Cola, showcasing enthusiasm and a desire to share his experience with the audience. In contrast, the first two individuals exhibit more serious and focused behaviors; the man is cautious and determined while attempting to open a beer bottle, and the woman appears contemplative and uncertain with her own bottle. Thus, the key difference lies in the transition from serious, concentrated actions to a more playful and celebratory interaction with their respective drinks."
0926-0,"The right hand is pulling the thread. In the descriptions, it is mentioned that during several moments, the right hand is actively involved in controlling and pulling the thread towards the needle. Specifically, at 2 seconds, the right hand grips the thread; at 7 seconds, it pulls the thread towards the needle; and at 11 seconds, it continues to pull the thread while the left hand stabilizes it. This indicates that the right hand is primarily responsible for the action of pulling the thread throughout the process."
0571-0,"The man in the video wears the ring on one of his fingers, consistently visible as he interacts with various crafts. The tattoos on his hands accentuate the ring’s presence, and it is particularly noted that the ring's position is clear during moments of close-ups or when he focuses closely on the crafts. The descriptions suggest that, while the exact finger isn't specified repeatedly, it is always in view and easily noticeable against the background of his tattoos."
0886-0,"The watch worn by the man in black is on his left wrist. Throughout the video, it is described as prominently visible and shiny, contrasting with his dark shirt and the colorful background around him. This positioning allows it to stand out as he engages in various activities, such as holding cans and operating the tube."
0907-0,"At the end of the video, the dog lands on the grass. Throughout the video, the setting is described as a lush outdoor area with green grass surrounding the log, which serves as a platform for the person’s stunt. As the scene unfolds, the environmental consistency highlights the soft ground, making it clear that the dog interacts with the same grassy area."
1127-0,"In the third segment, at timestamp 00:05, the target basket is situated at a distance from the camera, clearly visible, while the ball shooter is located further down the scene. The camera maintains an upward angle, focusing on both the target and the shooter, emphasizing the perspective of shooting towards the basket, with the emphasis placed on the distance between them."
1235-0,"The answer for '4 + 3 = ?' in the context of the video is likely not the conventional sum of 7 but rather follows the unconventional pattern introduced earlier, where traditional rules of addition do not apply. Given the theme of creative problem-solving and the illogical equations presented, the answer could be something unexpected, like 43 or another playful manipulation of the numbers, encouraging viewers to think outside the box and engage with the puzzle creatively."
0080-0,"The purpose of squeezing or manipulating the balloon is to prepare it for inflation and ensure it can expand effectively during the chemical reaction. This technique helps create a controlled environment for the interaction between the vinegar and baking soda, which will produce gas and cause the balloon to inflate. The manipulation also prevents any leaks, enhancing the visual and dynamic results of the experiment."
0790-0,"To see the blue tube clearly, adjust the transparent sheet by raising it slightly or changing its angle. This allows for better light interaction, enhancing the visibility of the blue tube while minimizing the obstruction of the red and green tubes below it. Positioning the sheet at an angle also helps reduce the opacity effect on the colored tubes, making the blue tube stand out more distinctly against the other colors."
1239-0,"The method appears to be a mixed approach to producing correct calculation results. While it emphasizes engagement and learning through a mentor-student dynamic, the individual solving the problems consistently makes errors. This approach encourages participation and humor, which can make learning more enjoyable. However, the repeated inaccuracies suggest that while the method fosters a supportive environment, it may not be the most effective for achieving correct results without additional guidance or correction. Therefore, incorporating more structured feedback could enhance the effectiveness of this method."
1236-0,"The method demonstrated is not useful for producing correct calculation results. While it introduces an interesting twist by incorporating exponents, the calculations rely on an inappropriate application of these powers. For instance, the original division problems should be evaluated without altering the initial operations, as the introduction of exponents changes the nature of the calculations. Thus, while the method may stimulate curiosity and encourage exploration of mathematical concepts, it does not yield accurate results for those specific division problems."
